,group,id,year,value,coverage,x,y,log,mean,PM2.5mean,popdensity,T,P,VP,long,lat,alt
1,NA,ES0001R,2021,NA,NA,NA,NA,NA,NA,NA,NA,15.125,38.85,11.09166667,-4.3506,39.5469,917
2,NA,ES0005R,2021,NA,NA,NA,NA,NA,NA,NA,NA,14.45,151.3,11.96666667,-8.9236,42.7206,685
3,NA,ES0007R,2021,NA,NA,NA,NA,NA,NA,NA,NA,15.40833333,30,10.94166667,-3.5342,37.2372,1230
4,NA,ES0008R,2021,NA,NA,NA,NA,NA,NA,NA,NA,11,91.15,9.483333333,-4.85,43.4392,134
5,NA,ES0009R,2021,NA,NA,NA,NA,NA,NA,NA,NA,11.05833333,59.33333333,8.416666667,-3.1425,41.2742,1360
6,NA,ES0010R,2021,NA,NA,NA,NA,NA,NA,NA,NA,15.725,49.00833333,12.29166667,3.3158,42.3192,76
7,NA,ES0011R,2021,NA,NA,NA,NA,NA,NA,NA,NA,16.63333333,37.25833333,11.94166667,-6.9236,38.4728,393
8,NA,ES0012R,2021,NA,NA,NA,NA,NA,NA,NA,NA,16.59166667,42.575,12.325,-1.1011,39.0828,885
9,NA,ES0013R,2021,NA,NA,NA,NA,NA,NA,NA,NA,12.925,39.525,9.166666667,-5.8975,41.2389,985
10,NA,ES0014R,2021,NA,NA,NA,NA,NA,NA,NA,NA,15.68333333,46.48333333,11.10833333,0.7347,41.3939,470
11,NA,ES0016R,2021,NA,NA,NA,NA,NA,NA,NA,NA,12.375,112.5833333,10.16666667,-7.7047,42.6347,506
12,NA,ES0017R,2021,NA,NA,NA,NA,NA,NA,NA,NA,18.91666667,31.325,14.33333333,-6.5553,37.0519,35
13,ES0041A_2021,ES0041A,2021,74.542,87.4,504407.2828,4789556.179,4.311362725,16.876,10.898,300.9774675,13.78333333,99.35833333,11.31666667,-2.9457,43.2588,32
14,ES0094A_2021,ES0094A,2021,79.125,80.55,96042.08844,4817935.38,4.37102888,9.85,6.173,91.01092176,12.13333333,111.4833333,10.65,-7.9886,43.4054,478
15,ES0110A_2021,ES0110A,2021,73.708,96.99,501849.2417,4794430.261,4.300111341,22.774,8.587,300.9774675,13.78333333,99.35833333,11.31666667,-2.9772,43.3027,4
16,ES0118A_2021,ES0118A,2021,85.261,87.95,442127.1893,4474786.909,4.44571714,17.851,8.684,843.1879671,15.50833333,36.15,10.59166667,-3.6822,40.4217,672
17,ES0126A_2021,ES0126A,2021,104.913,93.97,437886.1545,4471823.659,4.653131435,19.517,11.045,843.1879671,15.50833333,36.15,10.59166667,-3.7319,40.3947,625
18,ES0201A_2021,ES0201A,2021,64.917,77.26,107759.1806,4822648.421,4.173109531,10.766,6.832,91.01092176,12.13333333,111.4833333,10.65,-7.8478,43.4539,362
19,ES0339A_2021,ES0339A,2021,58.083,95.62,136674.8578,4846914.277,4.061873022,13.53,5.553,91.01092176,13.475,93.85833333,11.73333333,-7.5078,43.6863,60
20,ES0343A_2021,ES0343A,2021,66.167,95.34,142781.6049,4846372.887,4.192181849,11.652,5.409,91.01092176,13.475,93.85833333,11.73333333,-7.4319,43.6844,100
21,NA,ES0365A,2021,NA,NA,NA,NA,NA,NA,NA,NA,9.766666667,74.95833333,8.316666667,-4.8272,42.7036,1050
22,NA,ES0373A,2021,NA,NA,NA,NA,NA,NA,NA,NA,11.03333333,87.65833333,9.066666667,-6.5208,42.6256,720
23,NA,ES0559A,2021,NA,NA,NA,NA,NA,NA,NA,NA,16.83333333,49.31666667,13.19166667,2.1649,41.3874,24
24,NA,ES0567A,2021,NA,NA,NA,NA,NA,NA,NA,NA,16.83333333,49.31666667,13.19166667,2.1196,41.3849,24
25,ES0588A_2021,ES0588A,2021,51.25,95.34,493991.7179,4796409.442,3.936715618,12.95,NA,300.9774675,13.3,97.79166667,10.9,-3.0741,43.3205,136
26,ES0651A_2021,ES0651A,2021,81.792,95.62,684199.6783,4163849.068,4.404179439,18.894,NA,134.5920622,18.575,25.01666667,14.9,-0.9133,37.6033,60
27,NA,ES0691A,2021,NA,NA,NA,NA,NA,NA,NA,NA,16.83333333,49.31666667,13.19166667,2.2045,41.4039,3
28,ES0692A_2021,ES0692A,2021,110.583,98.9,927833.8337,4592527.163,4.70576637,24.337,10.783,239.1296631,16.83333333,49.31666667,13.19166667,2.115,41.3705,29
29,ES0694A_2021,ES0694A,2021,127.958,96.16,918892.0543,4594422.031,4.851702085,24.449,NA,239.1296631,16.83333333,49.31666667,13.19166667,2.0098,41.3922,38
30,ES0712A_2021,ES0712A,2021,51.04,89.59,276886.2379,4006255.27,3.932609639,17.162,7.301,97.60797772,18.45833333,44.60833333,14.75833333,-5.4808,36.1754,45
31,NA,ES0761A,2021,NA,NA,NA,NA,NA,NA,NA,NA,10.33333333,73.51666667,8.25,-5.6389,42.7156,900
32,ES0777A_2021,ES0777A,2021,64.667,97.53,52631.36963,4785881.297,4.169251025,8.779,NA,91.01092176,13.73333333,114.2666667,11.675,-8.4964,43.0935,270
33,ES0785A_2021,ES0785A,2021,63.15,92.6,152445.0219,4131718.546,4.145512849,21.914,NA,97.60797772,18.91666667,31.325,14.33333333,-6.9191,37.2672,31
34,ES0787A_2021,ES0787A,2021,54.263,96.44,153387.8283,4123128.469,3.993842595,16.502,NA,97.60797772,18.91666667,31.325,14.33333333,-6.9045,37.1903,13
35,ES0805A_2021,ES0805A,2021,92.208,95.34,509442.2736,4787595.672,4.524046895,19.685,NA,300.9774675,13.78333333,99.35833333,11.31666667,-2.8837,43.2411,125
36,ES0822A_2021,ES0822A,2021,66.555,89.86,150816.7366,4133165.153,4.198028673,22.663,NA,97.60797772,18.91666667,31.325,14.33333333,-6.9381,37.2796,66
37,ES0823A_2021,ES0823A,2021,49.238,84.93,148073.3294,4122837.875,3.896665683,17.42,NA,97.60797772,18.91666667,31.325,14.33333333,-6.9641,37.1857,1
38,ES0824A_2021,ES0824A,2021,54.167,93.15,280558.6981,4798451.745,3.992071867,25.473,NA,94.88806111,12.16666667,80.6,10.28333333,-5.7057,43.3069,218
39,ES0825A_2021,ES0825A,2021,78.292,96.99,281855.6934,4798387.592,4.360445427,17.354,8.992,94.88806111,12.16666667,80.6,10.28333333,-5.6897,43.3067,206
40,ES0827A_2021,ES0827A,2021,64.725,94.25,159272.3925,4136797.437,4.170147526,20.285,NA,97.60797772,18.91666667,31.325,14.33333333,-6.8446,37.3154,23
41,ES0879A_2021,ES0879A,2021,68.333,97.53,265829.8216,4826010.979,4.224392812,19.388,NA,94.88806111,14.55833333,77.63333333,12.38333333,-5.8989,43.5503,8
42,ES0880A_2021,ES0880A,2021,83.875,99.73,264153.0566,4826169.774,4.429327595,18.481,8.363,94.88806111,14.55833333,77.63333333,12.38333333,-5.9197,43.5512,6
43,ES0890A_2021,ES0890A,2021,88.606,97.81,234150.5342,4142870.334,4.484199575,26.382,13.628,97.60797772,19.78888889,30.56666667,14.58888889,-6.0031,37.3945,17
44,ES0892A_2021,ES0892A,2021,64.355,93.97,152028.3203,4124241.046,4.164414631,22.291,14.32,97.60797772,18.91666667,31.325,14.33333333,-6.9203,37.1998,8
45,ES0926A_2021,ES0926A,2021,45.588,92.88,331073.0693,4219562.381,3.819644524,12.417,NA,97.60797772,16.3,37.70833333,11.63333333,-4.9268,38.1081,432
46,ES0961A_2021,ES0961A,2021,81.542,81.64,32943.59953,4712880.032,4.401118225,14.33,NA,91.01092176,14.88333333,154.2583333,12.16666667,-8.6769,42.4275,20
47,ES1035A_2021,ES1035A,2021,63.917,90.41,55327.71519,4796090.765,4.157585367,9.089,NA,91.01092176,13.73333333,114.2666667,11.675,-8.4716,43.1866,340
48,ES1037A_2021,ES1037A,2021,62.083,97.26,415511.1321,4802154.35,4.128472199,19.544,11,109.8302951,12.7,87.03333333,10.59166667,-4.0428,43.3675,18
49,ES1038A_2021,ES1038A,2021,51.583,97.53,413747.3833,4799832.954,3.943192161,16.825,NA,109.8302951,12.7,87.03333333,10.59166667,-4.0642,43.3464,20
50,ES1039A_2021,ES1039A,2021,72.083,98.63,413809.3176,4800876.263,4.277818233,21.593,NA,109.8302951,12.7,87.03333333,10.59166667,-4.0636,43.3558,20
51,NA,ES1044A,2021,NA,NA,NA,NA,NA,NA,NA,NA,15.43333333,37.575,10.49166667,-0.8711,41.6703,195
52,ES1047A_2021,ES1047A,2021,59.757,96.99,673526.9104,4613170.484,4.090286339,18.467,NA,27.54848174,15.43333333,37.575,10.49166667,-0.9161,41.6514,212
53,ES1067A_2021,ES1067A,2021,60.15,92.33,154932.2128,4126289.512,4.096841442,20.396,NA,97.60797772,18.91666667,31.325,14.33333333,-6.8886,37.2193,28
54,ES1072A_2021,ES1072A,2021,72.414,95.07,288752.9263,4004183.699,4.282399651,21.939,7.983,97.60797772,18.45833333,44.60833333,14.75833333,-5.3484,36.1594,1
55,ES1096A_2021,ES1096A,2021,110,96.99,98219.06741,4700507.456,4.700480366,25.389,9.924,91.01092176,12.89166667,106.8583333,9.908333333,-7.8779,42.353,132
56,ES1137A_2021,ES1137A,2021,81.458,96.44,26009.60905,4690080.343,4.40008755,17.813,9.67,91.01092176,14.88333333,154.2583333,12.16666667,-8.7421,42.219,53
57,NA,ES1138A,2021,NA,NA,NA,NA,NA,NA,NA,NA,13.73333333,114.2666667,11.675,-8.4206,43.3671,35
58,ES1148A_2021,ES1148A,2021,106.25,97.81,936433.5495,4599183.65,4.665794808,23.5,13.672,239.1296631,16.83333333,49.31666667,13.19166667,2.2222,41.4256,7
59,ES1160A_2021,ES1160A,2021,114.792,100,444356.6534,4688947.349,4.743121795,13.233,NA,11.8,11.375,47.51666667,9.158333333,-3.6756,42.3508,929
60,ES1161A_2021,ES1161A,2021,97,99.73,287765.9363,4720074.896,4.574710979,17.185,8.734,11.8,10.33333333,73.51666667,8.25,-5.5872,42.6039,838
61,ES1162A_2021,ES1162A,2021,116.667,100,340199.7979,4575639.552,4.759323723,16.995,7.307,11.8,13.275,34.40833333,8.866666667,-4.9092,41.3164,721
62,NA,ES1163A,2021,NA,NA,NA,NA,NA,NA,NA,NA,12.4,66.53333333,9.925,-2.9175,42.6844,471
63,ES1169A_2021,ES1169A,2021,71.473,96.71,285019.3721,4009758.978,4.269319756,22.75,NA,97.60797772,18.45833333,44.60833333,14.75833333,-5.3914,36.2088,51
64,NA,ES1174A,2021,NA,NA,NA,NA,NA,NA,NA,NA,11.66666667,95.675,9.641666667,-7.4519,42.7261,620
65,NA,ES1175A,2021,NA,NA,NA,NA,NA,NA,NA,NA,11.66666667,95.675,9.641666667,-7.4494,42.7153,600
66,ES1181A_2021,ES1181A,2021,70.667,97.81,719560.7221,4373278.079,4.257978703,19.29,11.564,218.1112019,18.68333333,38.86666667,14.25833333,-0.4472,39.4811,41
67,NA,ES1182A,2021,NA,NA,NA,NA,NA,NA,NA,NA,17.04166667,41,13.55833333,-0.19,38.9667,22
68,ES1193A_2021,ES1193A,2021,93.333,89.86,436441.7541,4474644.247,4.536173743,18.571,9.708,843.1879671,15.50833333,36.15,10.59166667,-3.7492,40.42,645
69,ES1208A_2021,ES1208A,2021,129.5,93.97,845764.5097,4563685.984,4.863680881,20.753,NA,239.1296631,15.425,49.31666667,11.40833333,1.1202,41.1508,102
70,ES1234A_2021,ES1234A,2021,124.304,82.19,56379.65546,4812611.08,4.822730178,17.948,NA,91.01092176,13.73333333,114.2666667,11.675,-8.472,43.3353,240
71,ES1239A_2021,ES1239A,2021,42.542,97.26,725783.3473,4370679.558,3.750491823,12.592,8.285,218.1112019,18.68333333,38.86666667,14.25833333,-0.3758,39.4561,11
72,ES1244A_2021,ES1244A,2021,85.708,93.97,505258.771,4790522.951,4.45094617,16.508,9.526,300.9774675,13.78333333,99.35833333,11.31666667,-2.9352,43.2675,33
73,ES1253A_2021,ES1253A,2021,119.885,98.9,431262.07,4216412.659,4.78653295,31.114,12.65,97.60797772,16.95833333,34.13333333,12.4,-3.7839,38.0929,368
74,ES1256A_2021,ES1256A,2021,69.338,90.41,151844.9309,4130965.063,4.238993096,23.155,NA,97.60797772,18.91666667,31.325,14.33333333,-6.9255,37.2602,23
75,ES1258A_2021,ES1258A,2021,78.113,86.58,160077.564,4133006.505,4.358156496,28.852,5.714,97.60797772,18.91666667,31.325,14.33333333,-6.8338,37.2816,52
76,ES1259A_2021,ES1259A,2021,102.968,97.26,174338.953,4141299.908,4.63441826,22.012,NA,97.60797772,18.91666667,31.325,14.33333333,-6.6769,37.3613,41
77,ES1268A_2021,ES1268A,2021,55.958,99.18,267720.9021,4804595.447,4.024601409,22.232,NA,94.88806111,12.16666667,80.6,10.28333333,-5.8664,43.3583,267
78,ES1269A_2021,ES1269A,2021,77.958,97.81,270458.5491,4805413.663,4.35617022,22.719,13.317,94.88806111,12.16666667,80.6,10.28333333,-5.833,43.3665,180
79,NA,ES1270A,2021,NA,NA,NA,NA,NA,NA,NA,NA,14.55833333,77.63333333,12.38333333,-5.6583,43.5352,18
80,ES1271A_2021,ES1271A,2021,133.625,98.63,281944.779,4824189.511,4.895037369,38.293,9.836,94.88806111,14.55833333,77.63333333,12.38333333,-5.6989,43.5388,19
81,ES1272A_2021,ES1272A,2021,95.833,98.08,283965.2347,4823134.706,4.562607093,29.281,11.248,94.88806111,14.55833333,77.63333333,12.38333333,-5.6735,43.5299,29
82,ES1275A_2021,ES1275A,2021,117.042,99.18,957440.0289,4629862.256,4.762532845,20.832,NA,239.1296631,14.14166667,59.25833333,11.30833333,2.4958,41.689,145
83,ES1279A_2021,ES1279A,2021,98.708,98.63,405314.4731,4282050.966,4.592165997,28.901,NA,25.79912664,15.50833333,38.79166667,11.29166667,-4.0886,38.682,685
84,ES1285A_2021,ES1285A,2021,77.833,75.89,117169.1569,4830909.801,4.354565506,9.49,NA,91.01092176,13.475,93.85833333,11.73333333,-7.7377,43.5329,590
85,ES1287A_2021,ES1287A,2021,68.958,100,349460.2754,4739726.841,4.233497624,12.946,NA,11.8,9.766666667,74.95833333,8.316666667,-4.8408,42.7953,1120
86,ES1297A_2021,ES1297A,2021,91.625,99.18,285466.2206,4742255.125,4.51770416,13.519,NA,11.8,10.33333333,73.51666667,8.25,-5.6236,42.8028,945
87,ES1307A_2021,ES1307A,2021,75.083,89.86,77793.15287,4793584.914,4.318594168,9.329,NA,91.01092176,13.73333333,114.2666667,11.675,-8.1944,43.177,380
88,ES1309A_2021,ES1309A,2021,70.167,80.55,50438.55529,4765464.242,4.250878115,14.805,NA,91.01092176,14.45,151.3,11.96666667,-8.5068,42.9092,320
89,ES1320A_2021,ES1320A,2021,182.625,85.48,263648.715,4829301.246,5.20743487,43.505,NA,94.88806111,14.55833333,77.63333333,12.38333333,-5.9273,43.5792,6
90,ES1328A_2021,ES1328A,2021,56.55,81.64,150327.9737,4130183.089,4.035125203,15.702,NA,97.60797772,18.91666667,31.325,14.33333333,-6.9422,37.2526,17
91,ES1340A_2021,ES1340A,2021,66.55,87.95,150961.7061,4130245.637,4.197953545,22.642,8.869,97.60797772,18.91666667,31.325,14.33333333,-6.9351,37.2534,18
92,ES1346A_2021,ES1346A,2021,120.792,96.99,504866.0131,4726181.489,4.794070058,14.654,NA,11.8,12.4,66.53333333,9.925,-2.9406,42.6881,471
93,ES1349A_2021,ES1349A,2021,113.208,98.36,502976.2248,4776817.708,4.729226835,16.529,9.726,300.9774675,13.78333333,99.35833333,11.31666667,-2.9634,43.1441,122
94,ES1353A_2021,ES1353A,2021,73.583,94.25,282629.9585,4796961.87,4.298414021,17.158,10.082,94.88806111,12.16666667,80.6,10.28333333,-5.6796,43.2941,216
95,ES1358A_2021,ES1358A,2021,126.25,96.44,286207.3321,4823941.275,4.838264068,22.459,NA,94.88806111,14.55833333,77.63333333,12.38333333,-5.6461,43.5378,19
96,ES1359A_2021,ES1359A,2021,62.292,81.1,119346.4624,4806281.903,4.131833007,10.771,NA,91.01092176,12.13333333,111.4833333,10.65,-7.6937,43.313,469
97,ES1365A_2021,ES1365A,2021,204.042,94.79,403306.9779,4284372.473,5.318325855,26.213,NA,25.79912664,15.50833333,38.79166667,11.29166667,-4.112,38.7027,685
98,ES1366A_2021,ES1366A,2021,76.958,81.37,33317.13311,4710310.87,4.343259818,13.632,NA,91.01092176,14.88333333,154.2583333,12.16666667,-8.6703,42.4047,40
99,ES1370A_2021,ES1370A,2021,104.91,90.96,453818.1159,4066498.955,4.65310284,24.474,NA,97.60797772,15.96666667,30.04166667,11.76666667,-3.5173,36.7431,50
100,ES1386A_2021,ES1386A,2021,61.667,96.44,751168.9597,4433327.113,4.121748942,5.87,4.341,218.1112019,13.7,57.74166667,9.625,-0.0572,40.0128,106
101,NA,ES1387A,2021,NA,NA,NA,NA,NA,NA,NA,NA,17.40833333,44.4,13.2,-0.2333,39.9628,163
102,NA,ES1390A,2021,NA,NA,NA,NA,NA,NA,NA,NA,14.14166667,59.25833333,11.30833333,2.422,41.5304,8
103,ES1393A_2021,ES1393A,2021,135.633,96.44,549332.801,4077410.327,4.909952709,25.305,6.953,97.60797772,16.66666667,25.11666667,12.75833333,-2.4467,36.8413,51
104,NA,ES1396A,2021,NA,NA,NA,NA,NA,NA,NA,NA,16.83333333,49.31666667,13.19166667,2.1331,41.3788,35
105,NA,ES1413A,2021,NA,NA,NA,NA,NA,NA,NA,NA,14.14166667,59.25833333,11.30833333,2.4326,41.5318,28
106,NA,ES1417A,2021,NA,NA,NA,NA,NA,NA,NA,NA,12.56666667,67.99166667,9.233333333,-0.4039,42.1361,488
107,NA,ES1418A,2021,NA,NA,NA,NA,NA,NA,NA,NA,15.43333333,37.575,10.49166667,-1.1433,41.7628,235
108,NA,ES1421A,2021,NA,NA,NA,NA,NA,NA,NA,NA,11.34166667,56.85,8.05,-1.1067,40.3364,915
109,ES1423A_2021,ES1423A,2021,103.875,88.77,670626.9497,4173582.531,4.643188253,25.262,11.027,134.5920622,18.31666667,25.525,13.83333333,-1.0647,37.6936,80
110,ES1424A_2021,ES1424A,2021,81.167,96.44,263553.0972,4827047.159,4.396508761,24.975,NA,94.88806111,14.55833333,77.63333333,12.38333333,-5.9275,43.5589,12
111,ES1425A_2021,ES1425A,2021,90.625,99.45,233861.2371,4140746.557,4.506730113,28.016,9.737,97.60797772,19.78888889,30.56666667,14.58888889,-6.0056,37.3753,9
112,ES1426A_2021,ES1426A,2021,115.083,95.89,445246.5116,4473253.803,4.745653607,20.122,NA,843.1879671,15.50833333,36.15,10.59166667,-3.6453,40.4081,685
113,ES1432A_2021,ES1432A,2021,88.864,96.71,211254.3436,4786800.291,4.487107111,16.166,7.401,94.88806111,11.70833333,89.15,10.025,-6.5527,43.1788,363
114,ES1433A_2021,ES1433A,2021,47.045,92.88,289348.3795,4794704.089,3.85110459,15.401,NA,94.88806111,12.16666667,80.6,10.28333333,-5.596,43.2757,262
115,NA,ES1438A,2021,NA,NA,NA,NA,NA,NA,NA,NA,16.83333333,49.31666667,13.19166667,2.1538,41.3853,26
116,ES1439A_2021,ES1439A,2021,79.792,80.82,25484.0644,4688319.193,4.379423249,18.666,NA,91.01092176,14.88333333,154.2583333,12.16666667,-8.747,42.2029,26
117,NA,ES1441A,2021,NA,NA,NA,NA,NA,NA,NA,NA,13.35833333,55.11666667,9.283333333,-0.0911,40.6372,1150
118,ES1442A_2021,ES1442A,2021,113.083,97.26,541493.4225,4768070.136,4.728122062,14.96,NA,300.9774675,13.775,99.625,11.375,-2.4904,43.0642,218
119,ES1443A_2021,ES1443A,2021,92.542,95.34,447597.7344,4687290.029,4.527662596,12.122,5.381,11.8,11.375,47.51666667,9.158333333,-3.6361,42.3361,929
120,ES1445A_2021,ES1445A,2021,73.792,95.62,757072.5974,4430090.192,4.301250325,20.877,15.435,218.1112019,17.40833333,44.4,13.2,0.0106,39.9819,10
121,ES1450A_2021,ES1450A,2021,80.137,69.59,238715.0001,4143148.295,4.38373767,26.007,9.845,97.60797772,19.78888889,30.56666667,14.58888889,-5.9517,37.3983,29
122,ES1472A_2021,ES1472A,2021,87.095,88.77,610266.0205,4740286.957,4.466999477,11.025,11.521,63.44259455,12.88333333,69.725,9.758333333,-1.6514,42.8072,449
123,ES1479A_2021,ES1479A,2021,81.715,97.53,207255.4673,4045044.347,4.403237584,24.096,7.179,97.60797772,19.00833333,33.25,15.39166667,-6.2686,36.506,4
124,NA,ES1480A,2021,NA,NA,NA,NA,NA,NA,NA,NA,16.83333333,49.31666667,13.19166667,2.1534,41.3987,57
125,ES1489A_2021,ES1489A,2021,23.5,75.07,481076.3342,4746982.154,3.157000421,8.258,4.842,300.9774675,11.79166667,67.46666667,9.641666667,-3.2317,42.8752,911
126,ES1490A_2021,ES1490A,2021,108.25,95.07,529433.5053,4779568.131,4.684443367,19.109,10.56,300.9774675,13.78333333,99.35833333,11.31666667,-2.6379,43.1683,113
127,ES1491A_2021,ES1491A,2021,61.083,94.79,524031.8344,4805933.677,4.112233595,10.69,5.848,300.9774675,13.78333333,99.35833333,11.31666667,-2.7032,43.4059,116
128,ES1492A_2021,ES1492A,2021,73.042,96.16,527140.1878,4744888.662,4.291034618,11.501,11.16,300.9774675,12.4,66.53333333,9.925,-2.6678,42.8561,518
129,ES1494A_2021,ES1494A,2021,96.583,92.05,584268.212,4797097.758,4.570402742,21.465,7.16,300.9774675,13.65,106.0083333,11.13333333,-1.9607,43.322,23
130,ES1497A_2021,ES1497A,2021,94.917,92.88,582963.8776,4791028.238,4.553002826,15.861,9.13,300.9774675,13.65,106.0083333,11.13333333,-1.9777,43.2675,18
131,ES1498A_2021,ES1498A,2021,92.583,97.26,574991.3118,4775752.608,4.528105539,15.451,NA,300.9774675,13.775,99.625,11.375,-2.078,43.1308,90
132,NA,ES1499A,2021,NA,NA,NA,NA,NA,NA,NA,NA,13.775,99.625,11.375,-2.1914,43.0481,153
133,ES1501A_2021,ES1501A,2021,95.958,95.34,559473.1177,4781108.133,4.563910596,13.456,NA,300.9774675,13.775,99.625,11.375,-2.2682,43.1804,110
134,ES1502A_2021,ES1502A,2021,130.083,96.99,526086.8256,4744740.227,4.868172708,14.907,7.374,300.9774675,12.4,66.53333333,9.925,-2.6807,42.8548,517
135,ES1516A_2021,ES1516A,2021,64.827,95.07,211206.2164,4046777.517,4.171722183,18.173,NA,97.60797772,19.00833333,33.25,15.39166667,-6.2252,36.5228,1
136,ES1525A_2021,ES1525A,2021,82.292,97.26,440095.1712,4477422.638,4.410273898,16.368,8.885,843.1879671,15.50833333,36.15,10.59166667,-3.7064,40.4453,699
137,ES1529A_2021,ES1529A,2021,65.958,96.99,436074.6721,4813068.628,4.189018176,19.069,9.074,109.8302951,12.83333333,92.61666667,10.65,-3.7903,43.4678,30
138,ES1530A_2021,ES1530A,2021,72.042,99.45,407456.5493,4762761.917,4.277249282,13.652,8.214,109.8302951,12.7,87.03333333,10.59166667,-4.1356,43.0119,850
139,ES1531A_2021,ES1531A,2021,86.667,97.53,398115.6362,4778600.813,4.462073188,10.917,NA,109.8302951,12.7,87.03333333,10.59166667,-4.2531,43.1533,650
140,ES1532A_2021,ES1532A,2021,112.458,92.33,444712.567,4471037.619,4.722579819,20.851,NA,843.1879671,15.50833333,36.15,10.59166667,-3.6514,40.3881,677
141,ES1535A_2021,ES1535A,2021,118.833,94.79,599429.0332,4315106.064,4.777719146,30.401,8.732,25.79912664,14.69166667,38.00833333,10.775,-1.8521,38.9793,686
142,ES1537A_2021,ES1537A,2021,188,94.52,485487.7287,4497676.824,5.236441963,29.607,NA,25.79912664,13.925,44.60833333,9.808333333,-3.1716,40.6298,700
143,NA,ES1542A,2021,NA,NA,NA,NA,NA,NA,NA,NA,15.2,55.63333333,10.625,0.3728,40.5547,181
144,ES1543A_2021,ES1543A,2021,89.792,98.9,739023.303,4513194.82,4.497495884,12.627,6.37,218.1112019,13.35833333,55.11666667,9.283333333,-0.1694,40.735,619
145,ES1544A_2021,ES1544A,2021,105.667,94.52,549539.4263,4744224.982,4.66029264,13.414,7.293,300.9774675,12.20833333,71.025,9.575,-2.3937,42.849,594
146,ES1549A_2021,ES1549A,2021,126.793,95.89,516867.0665,4069341.592,4.842555835,24.081,NA,97.60797772,16.66666667,25.11666667,12.75833333,-2.811,36.7697,97
147,ES1557A_2021,ES1557A,2021,73.458,80.55,49089.42403,4804658.892,4.296713814,13.3,NA,91.01092176,13.73333333,114.2666667,11.675,-8.555,43.2597,210
148,ES1560A_2021,ES1560A,2021,159.715,99.45,445624.4019,4116802.508,5.073390977,30.925,10.368,97.60797772,15.40833333,30,10.94166667,-3.6127,37.1961,689
149,ES1563A_2021,ES1563A,2021,90.15,97.81,467960.7225,4481025.649,4.50147495,18.339,10.147,843.1879671,14.85,39.51666667,10.81666667,-3.378,40.4793,589
150,ES1564A_2021,ES1564A,2021,98.583,98.36,445353.8754,4487939.164,4.590898833,15.718,NA,843.1879671,12.725,56.44166667,8.933333333,-3.6453,40.5404,671
151,ES1565A_2021,ES1565A,2021,100.25,99.18,431908.1032,4459309.47,4.607667066,20.149,NA,843.1879671,15.50833333,36.15,10.59166667,-3.801,40.2815,674
152,ES1567A_2021,ES1567A,2021,118.042,98.63,435916.08,4465734.846,4.771040493,23.63,12.779,843.1879671,15.50833333,36.15,10.59166667,-3.7545,40.3397,640
153,ES1568A_2021,ES1568A,2021,98.25,99.45,425511.2891,4464110.096,4.587515251,18.298,NA,843.1879671,15.50833333,36.15,10.59166667,-3.8768,40.3242,650
154,ES1569A_2021,ES1569A,2021,127.917,96.71,614522.5217,4172092.455,4.851381616,23.223,10.629,134.5920622,18.31666667,25.525,13.83333333,-1.7011,37.6889,340
155,ES1572A_2021,ES1572A,2021,77.458,97.53,267257.3604,4806212.612,4.349735854,17.758,7.544,94.88806111,12.16666667,80.6,10.28333333,-5.8728,43.3727,276
156,ES1576A_2021,ES1576A,2021,61.708,98.9,431829.7262,4806068.486,4.122413582,18.311,NA,109.8302951,12.83333333,92.61666667,10.65,-3.8419,43.4044,16
157,ES1577A_2021,ES1577A,2021,72.583,96.16,431912.8804,4807889.167,4.284730735,18.582,NA,109.8302951,12.83333333,92.61666667,10.65,-3.8411,43.4208,10
158,ES1578A_2021,ES1578A,2021,62.042,95.89,482131.1919,4803315.823,4.127811575,14.077,7.875,109.8302951,13.3,97.79166667,10.9,-3.2206,43.3825,20
159,ES1579A_2021,ES1579A,2021,68.417,96.44,413744.9793,4790724.964,4.225621332,18.757,NA,109.8302951,12.7,87.03333333,10.59166667,-4.0628,43.2644,88
160,ES1580A_2021,ES1580A,2021,78.708,99.45,434586.6637,4812283.221,4.365744802,20.535,NA,109.8302951,12.83333333,92.61666667,10.65,-3.8086,43.4606,9
161,ES1591A_2021,ES1591A,2021,74.833,91.51,194149.2194,4718530.392,4.315258964,14.954,NA,11.8,11.03333333,87.65833333,9.066666667,-6.7256,42.5586,450
162,ES1593A_2021,ES1593A,2021,70.633,84.11,212955.99,4039808.722,4.257497457,19.539,6.779,97.60797772,19.00833333,33.25,15.39166667,-6.2031,36.4606,35
163,ES1595A_2021,ES1595A,2021,76,96.44,505645.4424,4793965.933,4.33073334,16.492,9.324,300.9774675,13.78333333,99.35833333,11.31666667,-2.9304,43.2985,21
164,ES1598A_2021,ES1598A,2021,77.792,96.44,489083.1752,4784466.187,4.354038598,14.504,9.101,300.9774675,13.3,97.79166667,10.9,-3.1344,43.2129,62
165,ES1599A_2021,ES1599A,2021,72.708,92.6,568594.1468,4788990.704,4.28645142,11.663,5.068,300.9774675,13.775,99.625,11.375,-2.155,43.2506,225
166,NA,ES1601A,2021,NA,NA,NA,NA,NA,NA,NA,NA,17.4,34.30833333,12.375,-7.0115,38.8876,390
167,ES1602A_2021,ES1602A,2021,99,97.26,547026.0497,4701454.184,4.59511985,19.323,5.823,62.61565907,12.4,51.875,9.133333333,-2.428,42.464,385
168,ES1611A_2021,ES1611A,2021,110.917,98.08,449542.6477,4431620.709,4.708782174,20.126,NA,843.1879671,15.50833333,36.15,10.59166667,-3.5914,40.0333,512
169,ES1612A_2021,ES1612A,2021,106.792,99.45,426315.4061,4477634.343,4.670883017,15.545,NA,843.1879671,15.50833333,36.15,10.59166667,-3.8689,40.4461,722
170,ES1613A_2021,ES1613A,2021,133.042,99.45,434584.7083,4501813.456,4.890664868,16.655,NA,843.1879671,12.725,56.44166667,8.933333333,-3.7739,40.6646,905
171,NA,ES1615A,2021,NA,NA,NA,NA,NA,NA,NA,NA,16.85833333,37.075,11.20833333,-6.3603,39.4728,389
172,NA,ES1616A,2021,NA,NA,NA,NA,NA,NA,NA,NA,16.475,33.81666667,11.40833333,-5.9397,39.8492,376
173,NA,ES1617A,2021,NA,NA,NA,NA,NA,NA,NA,NA,18.68333333,38.86666667,14.25833333,-0.4578,39.15,60
174,ES1618A_2021,ES1618A,2021,107.708,99.45,275762.2696,4539869.694,4.679423862,11.394,NA,11.8,12.68333333,46.025,9.625,-5.6653,40.9792,797
175,NA,ES1619A,2021,NA,NA,NA,NA,NA,NA,NA,NA,18.68333333,38.86666667,14.25833333,-0.3683,39.4781,11
176,ES1620A_2021,ES1620A,2021,83.417,91.51,221618.6274,4061776.138,4.423852126,21.755,NA,97.60797772,19.00833333,33.25,15.39166667,-6.1145,36.6609,49
177,NA,ES1623A,2021,NA,NA,NA,NA,NA,NA,NA,NA,17.04166667,41,13.55833333,-0.4669,38.7064,534
178,NA,ES1624A,2021,NA,NA,NA,NA,NA,NA,NA,NA,18.1,29.975,13.91666667,-0.6828,38.2422,44
179,NA,ES1625A,2021,NA,NA,NA,NA,NA,NA,NA,NA,17.40833333,44.4,13.2,-0.4178,39.5094,25
180,ES1627A_2021,ES1627A,2021,111.708,99.18,655388.5404,4204584.271,4.715888324,23.17,NA,134.5920622,18.31666667,25.525,13.83333333,-1.2308,37.9756,80
181,ES1630A_2021,ES1630A,2021,74.917,75.62,230469.5305,4137022.502,4.316380834,23.23,NA,97.60797772,19.78888889,30.56666667,14.58888889,-6.0425,37.3408,50
182,ES1631A_2021,ES1631A,2021,106.667,96.99,355905.6966,4611874.905,4.669711832,16.956,13.425,11.8,12.80833333,34.80833333,8.975,-4.7303,41.6456,700
183,ES1632A_2021,ES1632A,2021,104.458,98.36,354483.6679,4609126.756,4.648785077,15.786,NA,11.8,12.80833333,34.80833333,8.975,-4.7467,41.6206,690
184,ES1633A_2021,ES1633A,2021,88.875,96.16,662911.502,4206728.9,4.487230888,31.416,12.951,134.5920622,18.31666667,25.525,13.83333333,-1.1447,37.9936,40
185,NA,ES1635A,2021,NA,NA,NA,NA,NA,NA,NA,NA,18.1,29.975,13.91666667,-0.4719,38.3594,45
186,ES1636A_2021,ES1636A,2021,123.792,95.89,355629.342,4613046.725,4.818602738,19.911,10.339,11.8,12.80833333,34.80833333,8.975,-4.7339,41.6561,691
187,ES1638A_2021,ES1638A,2021,79.363,90.96,236065.5241,4137554.943,4.374032265,24.824,NA,97.60797772,19.78888889,30.56666667,14.58888889,-5.9796,37.3472,26
188,ES1640A_2021,ES1640A,2021,75.328,95.07,248976.6348,4136635.185,4.321851912,25.509,NA,97.60797772,19.78888889,30.56666667,14.58888889,-5.8337,37.3425,68
189,ES1641A_2021,ES1641A,2021,73.693,96.16,675444.28,4611428.443,4.299907815,24.3,9.31,27.54848174,15.43333333,37.575,10.49166667,-0.8936,41.6353,220
190,ES1643A_2021,ES1643A,2021,89.143,97.26,544327.6706,4624011.138,4.490241822,8.158,NA,11.8,11.45833333,47.4,8.425,-2.4667,41.7667,1090
191,ES1648A_2021,ES1648A,2021,50.095,98.08,260629.7564,4013181.923,3.913921203,18.073,5.853,97.60797772,18.20833333,42.825,14.8,-5.6635,36.2339,189
192,ES1649A_2021,ES1649A,2021,126.292,95.62,603732.6402,4670081.048,4.838596686,18.195,6.681,62.61565907,14.63333333,43.90833333,10.275,-1.744,42.176,350
193,ES1651A_2021,ES1651A,2021,57.083,98.08,274677.4309,4792996.767,4.044506349,23.404,NA,94.88806111,12.16666667,80.6,10.28333333,-5.7759,43.2561,205
194,ES1654A_2021,ES1654A,2021,103.664,88.49,265814.5121,4208539.027,4.6411549,20.244,8.05,97.60797772,17.70833333,33.10833333,12.88333333,-5.6669,37.9943,573
195,ES1656A_2021,ES1656A,2021,147.488,97.26,431174.9858,4181982.104,4.993746817,22.242,9.869,97.60797772,16.5,33.69166667,11.85,-3.7816,37.7826,480
196,ES1658A_2021,ES1658A,2021,65.063,96.71,151915.7177,4132240.92,4.175356031,20.691,5.152,97.60797772,18.91666667,31.325,14.33333333,-6.9253,37.2717,48
197,ES1661A_2021,ES1661A,2021,90.375,85.48,613584.9098,4658982.257,4.50396768,13.126,NA,63.44259455,14.63333333,43.90833333,10.275,-1.6269,42.0747,383
198,ES1662A_2021,ES1662A,2021,113.083,90.68,598216.6113,4684694.925,4.728122062,18.216,NA,63.44259455,14.63333333,43.90833333,10.275,-1.8083,42.3083,460
199,ES1664A_2021,ES1664A,2021,61.773,89.04,279241.0117,4001843.4,4.123466376,20.671,7.835,97.60797772,18.45833333,44.60833333,14.75833333,-5.4534,36.1362,24
200,ES1670A_2021,ES1670A,2021,53.364,90.41,647643.6038,4380178.455,3.977136361,10.204,6.998,218.1112019,14.81666667,49.60833333,11.225,-1.2814,39.5586,804
201,ES1671A_2021,ES1671A,2021,114,97.81,685862.2228,4397607.228,4.736198448,11.858,5.983,218.1112019,14.81666667,49.60833333,11.225,-0.8319,39.7081,430
202,ES1672A_2021,ES1672A,2021,89.833,96.71,531263.3295,4707395.265,4.497952391,11.559,NA,300.9774675,12.4,66.53333333,9.925,-2.6194,42.5183,480
203,ES1673A_2021,ES1673A,2021,114.833,96.44,527668.6364,4743502.675,4.743478899,14.409,10.016,300.9774675,12.4,66.53333333,9.925,-2.6614,42.8436,50
204,ES1684A_2021,ES1684A,2021,113.333,97.26,920979.1108,4605677.124,4.730330388,21.068,10.826,239.1296631,16.83333333,49.31666667,13.19166667,2.0425,41.4921,171
205,ES1685A_2021,ES1685A,2021,75.167,93.42,739721.3621,4437302.352,4.319712305,22.966,5.31,218.1112019,13.7,57.74166667,9.625,-0.1897,40.0519,160
206,ES1687A_2021,ES1687A,2021,49.958,87.67,762076.9319,4439186.352,3.911182652,7.879,4.722,218.1112019,17.04166667,49.21666667,11.89166667,0.0728,40.0622,50
207,ES1688A_2021,ES1688A,2021,20.833,96.44,750943.919,4419916.715,3.036538268,6.516,5.159,218.1112019,17.40833333,44.4,13.2,-0.065,39.8922,37
208,NA,ES1689A,2021,NA,NA,NA,NA,NA,NA,NA,NA,13.7,57.74166667,9.625,-0.4683,40.0542,466
209,ES1691A_2021,ES1691A,2021,50.542,93.97,704799.1908,4422804.767,3.922804674,10.004,6.664,218.1112019,14.81666667,49.60833333,11.225,-0.6033,39.9306,616
210,ES1696A_2021,ES1696A,2021,96.542,91.78,582372.493,4794941.848,4.569978147,18.394,11.79,300.9774675,13.65,106.0083333,11.13333333,-1.9844,43.3028,88
211,ES1697A_2021,ES1697A,2021,62.391,96.99,580214.4588,4795649.021,4.133421034,12.384,7.787,300.9774675,13.775,99.625,11.375,-2.0109,43.3094,3
212,ES1712A_2021,ES1712A,2021,66.458,94.52,501046.3552,4793952.557,4.196570169,19.822,12.242,300.9774675,13.78333333,99.35833333,11.31666667,-2.9871,43.2984,17
213,ES1713A_2021,ES1713A,2021,81.417,95.62,507930.3687,4789126.273,4.399584096,19.24,10.775,300.9774675,13.78333333,99.35833333,11.31666667,-2.9023,43.2549,76
214,ES1718A_2021,ES1718A,2021,143.827,95.89,499106.5922,4225165.399,4.968611188,31.668,14.343,97.60797772,16.95833333,34.13333333,12.4,-3.0102,38.1744,691
215,NA,ES1740A,2021,NA,NA,NA,NA,NA,NA,NA,NA,12.88333333,69.725,9.758333333,-1.64,42.8122,455
216,ES1746A_2021,ES1746A,2021,62.292,96.71,563263.4039,4687923.781,4.131833007,14.086,7.477,62.61565907,12.4,51.875,9.133333333,-2.232,42.341,570
217,ES1747A_2021,ES1747A,2021,89.625,90.14,610265.3127,4742375.167,4.495634299,13.933,NA,63.44259455,12.88333333,69.725,9.758333333,-1.651,42.826,418
218,ES1749A_2021,ES1749A,2021,102.75,90.68,567510.7029,4749830.697,4.632298853,14.958,NA,63.44259455,12.20833333,71.025,9.575,-2.1731,42.8981,530
219,ES1750A_2021,ES1750A,2021,68.467,93.7,370731.8029,4064743.848,4.226351877,21.928,6.191,97.60797772,16.78333333,35.09166667,12.425,-4.4475,36.7196,36
220,ES1751A_2021,ES1751A,2021,68.183,98.08,369141.194,4065877.672,4.222195267,21.066,NA,97.60797772,16.78333333,35.09166667,12.425,-4.4655,36.7296,86
221,ES1752A_2021,ES1752A,2021,107.667,98.36,459500.7048,4477758.776,4.679043131,22.093,9.11,843.1879671,14.85,39.51666667,10.81666667,-3.4776,40.4495,581
222,ES1753A_2021,ES1753A,2021,126.833,96.99,577515.4831,4687955.906,4.842871261,16.626,6.846,62.61565907,12.4,51.875,9.133333333,-2.059,42.34,380
223,ES1755A_2021,ES1755A,2021,68.042,92.6,640940.7661,4715672.397,4.220125162,14.019,NA,63.44259455,12.88333333,69.725,9.758333333,-1.2825,42.5806,397
224,NA,ES1765A,2021,NA,NA,NA,NA,NA,NA,NA,NA,17.40833333,44.4,13.2,-0.2789,39.6847,54
225,NA,ES1778A,2021,NA,NA,NA,NA,NA,NA,NA,NA,14.14166667,59.25833333,11.30833333,2.358,41.7793,693
226,ES1779A_2021,ES1779A,2021,84.833,97.26,562588.342,4698911.296,4.440684618,16.426,8.816,62.61565907,12.4,51.875,9.133333333,-2.239,42.44,336
227,ES1781A_2021,ES1781A,2021,87.36,75.07,221476.8535,4064846.883,4.470037512,23.347,NA,97.60797772,19.00833333,33.25,15.39166667,-6.1172,36.6885,62
228,ES1790A_2021,ES1790A,2021,82.292,97.26,205643.3005,4716275.846,4.410273898,19.698,NA,11.8,11.03333333,87.65833333,9.066666667,-6.5847,42.5428,541
229,NA,ES1792A,2021,NA,NA,NA,NA,NA,NA,NA,NA,18.91666667,31.325,14.33333333,-6.8075,37.1338,31
230,ES1798A_2021,ES1798A,2021,106.917,81.37,60335.60907,4814460.57,4.672052833,23.947,9.928,91.01092176,13.73333333,114.2666667,11.675,-8.4249,43.3542,65
231,ES1799A_2021,ES1799A,2021,108.09,98.08,345043.329,4195362.781,4.682964213,25.515,12.055,97.60797772,18.00833333,29.96666667,13.075,-4.7623,37.8926,119
232,ES1800A_2021,ES1800A,2021,107.093,99.73,343543.4315,4196512.4,4.673697616,22.152,NA,97.60797772,18.00833333,29.96666667,13.075,-4.7796,37.9027,152
233,ES1801A_2021,ES1801A,2021,99.167,99.18,461009.2273,4461233.82,4.596805298,21.17,NA,843.1879671,14.85,39.51666667,10.81666667,-3.4588,40.3007,584
234,ES1802A_2021,ES1802A,2021,148.083,97.81,460594.7581,4528760.646,4.997772927,14.337,6.806,843.1879671,13.925,44.60833333,9.808333333,-3.4679,40.909,995
235,ES1805A_2021,ES1805A,2021,111.708,98.63,440748.2901,4514639.206,4.715888324,15.413,NA,843.1879671,12.725,56.44166667,8.933333333,-3.7022,40.7806,852
236,ES1806A_2021,ES1806A,2021,94.792,98.9,481206.3797,4459702.248,4.551685018,14.85,NA,843.1879671,14.85,39.51666667,10.81666667,-3.2211,40.2876,795
237,ES1807A_2021,ES1807A,2021,106.955,97.26,453902.1807,4467823.077,4.672408185,21.298,NA,843.1879671,15.50833333,36.15,10.59166667,-3.5429,40.3597,610
238,ES1808A_2021,ES1808A,2021,113.5,99.18,381299.266,4469507.731,4.731802837,14.787,NA,843.1879671,15.25,33.45,10.6,-4.3981,40.3677,707
239,ES1810A_2021,ES1810A,2021,127.542,97.81,391542.4616,4456052.153,4.848445722,18.246,10.147,843.1879671,15.25,33.45,10.6,-4.2752,40.2479,469
240,ES1817A_2021,ES1817A,2021,111.875,98.08,932548.5083,4610219.868,4.717382177,23.811,NA,239.1296631,14.14166667,59.25833333,11.30833333,2.1838,41.5267,84
241,ES1818A_2021,ES1818A,2021,148.125,95.07,412696.5629,4413616.336,4.998056512,23.009,11.713,25.79912664,15.125,38.85,11.09166667,-4.0208,39.8681,500
242,NA,ES1819A,2021,NA,NA,NA,NA,NA,NA,NA,NA,16.3,39.16666667,11.525,-6.3381,38.9075,214
243,NA,ES1820A,2021,NA,NA,NA,NA,NA,NA,NA,NA,16.3,39.16666667,11.525,-6.395,38.4292,551
244,NA,ES1821A,2021,NA,NA,NA,NA,NA,NA,NA,NA,18.01666667,39.44166667,14.26666667,-5.7437,36.7398,216
245,NA,ES1822A,2021,NA,NA,NA,NA,NA,NA,NA,NA,18.01666667,39.44166667,14.26666667,-5.5316,36.7945,390
246,NA,ES1826A,2021,NA,NA,NA,NA,NA,NA,NA,NA,17.40833333,44.4,13.2,-0.4608,39.5514,122
247,ES1832A_2021,ES1832A,2021,127.833,98.63,378128.6371,4643359.998,4.850724725,17.243,NA,11.8,12.80833333,34.80833333,8.975,-4.47,41.9328,721
248,NA,ES1834A,2021,NA,NA,NA,NA,NA,NA,NA,NA,17.40833333,44.4,13.2,-0.0261,39.9889,18
249,NA,ES1836A,2021,NA,NA,NA,NA,NA,NA,NA,NA,15.43333333,37.575,10.49166667,-0.8619,41.6422,198
250,ES1845A_2021,ES1845A,2021,109.843,97.81,598288.7775,4095087.572,4.699052074,24.717,7.33,97.60797772,18.26666667,22.21666667,14,-1.8954,36.9968,5
251,NA,ES1847A,2021,NA,NA,NA,NA,NA,NA,NA,NA,18.1,29.975,13.91666667,-0.638,38.4361,310
252,NA,ES1849A,2021,NA,NA,NA,NA,NA,NA,NA,NA,18.1,29.975,13.91666667,-0.7175,38.2592,99
253,NA,ES1855A,2021,NA,NA,NA,NA,NA,NA,NA,NA,15.68333333,46.48333333,11.10833333,0.9129,41.0095,60
254,NA,ES1856A,2021,NA,NA,NA,NA,NA,NA,NA,NA,16.83333333,49.31666667,13.19166667,2.148,41.4261,136
255,ES1857A_2021,ES1857A,2021,169.167,89.86,418786.518,4316517.896,5.130886393,25.412,10.456,25.79912664,15.50833333,38.79166667,11.29166667,-3.9378,38.9939,635
256,ES1858A_2021,ES1858A,2021,123.708,96.99,574221.9195,4434990.371,4.81792395,22.622,NA,25.79912664,12.66666667,51.01666667,9.533333333,-2.1297,40.0619,948
257,ES1859A_2021,ES1859A,2021,100.333,94.25,342351.6648,4424793.313,4.608494654,24.068,NA,25.79912664,15.25,35.96666667,10.98333333,-4.8457,39.9586,369
258,ES1860A_2021,ES1860A,2021,74.278,98.9,231794.4744,4160776.994,4.307814811,16.63,NA,97.60797772,17.30833333,35.44166667,12.58333333,-6.0362,37.555,1
259,ES1867A_2021,ES1867A,2021,77.375,97.81,75963.97434,4827656.745,4.348663731,14.245,7.766,91.01092176,13.73333333,114.2666667,11.675,-8.2431,43.4815,5
260,ES1868A_2021,ES1868A,2021,93.083,96.99,45923.63295,4762057.9,4.533491568,15.37,7.698,91.01092176,14.45,151.3,11.96666667,-8.5591,42.876,220
261,ES1869A_2021,ES1869A,2021,124.947,99.18,453992.9182,4475692.619,4.827889647,22.207,12.976,843.1879671,15.50833333,36.15,10.59166667,-3.5424,40.4306,594
262,NA,ES1870A,2021,NA,NA,NA,NA,NA,NA,NA,NA,16.83333333,49.31666667,13.19166667,2.1868,41.3749,1
263,ES1877A_2021,ES1877A,2021,40.292,95.34,751484.8257,4425835.817,3.696152938,9.75,7.017,218.1112019,17.40833333,44.4,13.2,-0.0564,39.9453,27
264,ES1878A_2021,ES1878A,2021,76.083,89.86,182329.8122,4102621.719,4.33182485,23.141,14.842,97.60797772,18.91666667,31.325,14.33333333,-6.5704,37.0161,22
265,ES1882A_2021,ES1882A,2021,154.125,99.18,599180.5322,4219145.817,5.037763961,14.874,NA,134.5920622,16.21666667,32.65,11.81666667,-1.8686,38.1147,1
266,ES1884A_2021,ES1884A,2021,50.875,96.71,734647.8581,4390731.152,3.929371644,13.069,8.607,218.1112019,17.40833333,44.4,13.2,-0.2658,39.6342,3
267,ES1885A_2021,ES1885A,2021,42,91.51,729094.3132,4373465.33,3.737669618,11.375,8.325,218.1112019,18.68333333,38.86666667,14.25833333,-0.3364,39.4803,7
268,NA,ES1886A,2021,NA,NA,NA,NA,NA,NA,NA,NA,16.59166667,42.575,12.325,-0.7839,39.4272,400
269,ES1889A_2021,ES1889A,2021,64.042,99.45,277854.5186,4537761.381,4.159539118,13.788,6.618,11.8,12.68333333,46.025,9.625,-5.6397,40.9608,743
270,ES1891A_2021,ES1891A,2021,106.25,96.99,940680.0139,4618741.229,4.665794808,25.46,13.422,239.1296631,14.14166667,59.25833333,11.30833333,2.2871,41.5987,133
271,NA,ES1896A,2021,NA,NA,NA,NA,NA,NA,NA,NA,15.75833333,50.69166667,12.13333333,1.6642,41.3205,170
272,ES1897A_2021,ES1897A,2021,72.987,96.16,360609.876,4065812.712,4.290281343,21.359,8.56,97.60797772,16.78333333,35.09166667,12.425,-4.561,36.7278,55
273,NA,ES1899A,2021,NA,NA,NA,NA,NA,NA,NA,NA,15.75833333,50.69166667,12.13333333,1.6473,41.3084,155
274,NA,ES1900A,2021,NA,NA,NA,NA,NA,NA,NA,NA,16.83333333,49.31666667,13.19166667,2.1867,41.3872,7
275,ES1901A_2021,ES1901A,2021,85.833,93.42,48297.61909,4763217.577,4.452403548,17.554,9.888,91.01092176,14.45,151.3,11.96666667,-8.5311,42.8878,260
276,ES1905A_2021,ES1905A,2021,89.917,98.08,129023.3764,4770640.099,4.498887023,16.864,10.805,91.01092176,12.375,112.5833333,10.16666667,-7.5509,42.9979,450
277,NA,ES1908A,2021,NA,NA,NA,NA,NA,NA,NA,NA,15.75833333,50.69166667,12.13333333,1.8566,41.2391,34
278,NA,ES1909A,2021,NA,NA,NA,NA,NA,NA,NA,NA,17.6,49.4,12.475,0.7992,40.8807,2
279,ES1911A_2021,ES1911A,2021,46.167,87.4,728328.0489,4398440.722,3.832265257,5.736,3.146,218.1112019,17.40833333,44.4,13.2,-0.3367,39.7053,320
280,ES1912A_2021,ES1912A,2021,51.667,89.04,728618.4412,4370918.193,3.94481928,13.325,7.221,218.1112019,18.68333333,38.86666667,14.25833333,-0.3428,39.4575,7
281,NA,ES1913A,2021,NA,NA,NA,NA,NA,NA,NA,NA,18.1,29.975,13.91666667,-1.0647,38.4517,642
282,ES1914A_2021,ES1914A,2021,81.875,90.96,691678.2229,4258552.633,4.405193694,12.661,8.887,218.1112019,18.1,29.975,13.91666667,-0.8033,38.4547,355
283,NA,ES1918A,2021,NA,NA,NA,NA,NA,NA,NA,NA,13.7,57.74166667,9.625,-0.0344,40.175,305
284,ES1921A_2021,ES1921A,2021,83.792,98.08,678726.6228,4163706.992,4.428337538,26.594,7.889,134.5920622,18.575,25.01666667,14.9,-0.9753,37.6031,10
285,ES1922A_2021,ES1922A,2021,93.87,100,372638.7376,4653074.792,4.541910846,11.053,6.908,11.8,12.21666667,43.4,9.275,-4.5383,42.0194,953
286,ES1924A_2021,ES1924A,2021,159.66,98.9,446721.2842,4113422.829,5.073046554,25.476,13.646,97.60797772,15.40833333,30,10.94166667,-3.6001,37.1657,666
287,ES1926A_2021,ES1926A,2021,58,100,722906.8636,4373373.658,4.060443011,16.672,14.88,218.1112019,18.68333333,38.86666667,14.25833333,-0.4083,39.4811,11
288,ES1927A_2021,ES1927A,2021,108.458,100,270801.23,4598983.183,4.686363001,8.458,NA,11.8,12.925,39.525,9.166666667,-5.7464,41.5097,720
289,ES1937A_2021,ES1937A,2021,76.292,95.07,441725.0859,4472170.28,4.334568084,17.615,10.388,843.1879671,15.50833333,36.15,10.59166667,-3.6867,40.3981,609
290,ES1938A_2021,ES1938A,2021,89.417,97.81,441455.6518,4476790.242,4.493310821,17.733,10.19,843.1879671,15.50833333,36.15,10.59166667,-3.6903,40.4397,676
291,ES1940A_2021,ES1940A,2021,89.792,96.99,441647.8552,4479686.024,4.497495884,20.587,10.441,843.1879671,15.50833333,36.15,10.59166667,-3.6883,40.4658,729
292,ES1942A_2021,ES1942A,2021,122.125,91.51,450776.005,4479254.104,4.80504511,24.271,NA,843.1879671,15.50833333,36.15,10.59166667,-3.5806,40.4625,619
293,ES1943A_2021,ES1943A,2021,56.875,98.08,439005.8683,4470704.408,4.040855877,17.032,10.415,843.1879671,15.50833333,36.15,10.59166667,-3.7186,40.3847,605
294,ES1944A_2021,ES1944A,2021,87.625,93.97,444045.2196,4482820.31,4.473066345,16.512,9.002,843.1879671,15.50833333,36.15,10.59166667,-3.6603,40.4942,615
295,ES1947A_2021,ES1947A,2021,80.75,94.79,441559.356,4483549.778,4.391357962,14.331,NA,843.1879671,12.725,56.44166667,8.933333333,-3.6897,40.5006,715
296,ES1957A_2021,ES1957A,2021,194.381,99.18,61814.81875,4817554.708,5.269820151,28.497,13.036,91.01092176,13.73333333,114.2666667,11.675,-8.4092,43.3828,25
297,ES1960A_2021,ES1960A,2021,72.958,81.37,75298.88003,4828825.198,4.289883933,14.916,NA,91.01092176,13.73333333,114.2666667,11.675,-8.2522,43.4916,33
298,ES1963A_2021,ES1963A,2021,128.167,94.52,429035.7754,4441319.732,4.853334101,30.624,NA,25.79912664,15.50833333,36.15,10.59166667,-3.8328,40.1192,548
299,NA,ES1964A,2021,NA,NA,NA,NA,NA,NA,NA,NA,16.83333333,49.31666667,13.19166667,2.0574,41.3866,81
300,NA,ES1965A,2021,NA,NA,NA,NA,NA,NA,NA,NA,16.83333333,49.31666667,13.19166667,2.0664,41.3819,85
301,NA,ES1966A,2021,NA,NA,NA,NA,NA,NA,NA,NA,13.35833333,55.11666667,9.283333333,-0.1389,41.0542,340
302,ES1967A_2021,ES1967A,2021,145,100,406533.3529,4534422.068,4.976733742,16.575,NA,11.8,11.91666667,56.00833333,8.291666667,-4.1106,40.9556,952
303,ES1968A_2021,ES1968A,2021,180.125,93.15,717244.0204,4247696.92,5.193651054,17.99,5.173,218.1112019,18.1,29.975,13.91666667,-0.5139,38.3511,20
304,NA,ES1970A,2021,NA,NA,NA,NA,NA,NA,NA,NA,18.68333333,38.86666667,14.25833333,-0.3964,39.4503,15
305,ES1972A_2021,ES1972A,2021,65.305,91.78,342094.3474,4222049.656,4.179068603,15.205,NA,97.60797772,16.3,37.70833333,11.63333333,-4.8017,38.1325,685
306,ES1973A_2021,ES1973A,2021,193.365,81.92,444994.8336,4110094.559,5.264579595,34.114,NA,97.60797772,15.40833333,30,10.94166667,-3.6193,37.1356,684
307,ES1974A_2021,ES1974A,2021,96.083,100,284144.0491,4821650.27,4.565212401,23.398,9.369,94.88806111,14.55833333,77.63333333,12.38333333,-5.6707,43.5166,51
308,NA,ES1982A,2021,NA,NA,NA,NA,NA,NA,NA,NA,10.825,79.14545455,8.658333333,0.7296,42.0513,1570
309,NA,ES1984A,2021,NA,NA,NA,NA,NA,NA,NA,NA,15.43333333,37.575,10.49166667,-0.1561,41.7978,286
310,ES1986A_2021,ES1986A,2021,95.792,98.9,442649.048,4612878.471,4.562179174,10.308,NA,11.8,12.26666667,43.525,9.225,-3.6889,41.6656,801
311,NA,ES1987A,2021,NA,NA,NA,NA,NA,NA,NA,NA,11.79166667,67.46666667,9.641666667,-3.4753,42.9519,613
312,ES1988A_2021,ES1988A,2021,85.417,99.45,289375.9674,4716846.887,4.447545144,11.574,8.811,11.8,10.33333333,73.51666667,8.25,-5.5664,42.5753,814
313,NA,ES1989A,2021,NA,NA,NA,NA,NA,NA,NA,NA,11.43333333,84.9,9.758333333,-5.0897,43.0414,1140
314,NA,ES1997A,2021,NA,NA,NA,NA,NA,NA,NA,NA,15.11666667,48.35833333,10.8,-6.1472,40.0778,181
315,ES2005A_2021,ES2005A,2021,74.417,95.89,-4668.278664,4774264.05,4.30968441,15.51,8.976,91.01092176,14.825,146.9083333,12.41666667,-9.1861,42.9536,38
316,ES2006A_2021,ES2006A,2021,73.458,95.07,1264.440149,4780004.635,4.296713814,13.633,NA,91.01092176,14.825,146.9083333,12.41666667,-9.1189,43.0089,198
317,ES2007A_2021,ES2007A,2021,76.583,98.36,683087.4998,4160616.018,4.33837512,19.119,NA,134.5920622,18.575,25.01666667,14.9,-0.9267,37.5744,10
318,ES2010A_2021,ES2010A,2021,113.917,97.26,355012.9405,4610160.14,4.735470113,15.062,9.487,11.8,12.80833333,34.80833333,8.975,-4.7406,41.63,683
319,NA,ES2011A,2021,NA,NA,NA,NA,NA,NA,NA,NA,15.75833333,50.69166667,12.13333333,1.9996,41.4008,65
320,NA,ES2012A,2021,NA,NA,NA,NA,NA,NA,NA,NA,15.75833333,50.69166667,12.13333333,1.9905,41.4153,82
321,ES2014A_2021,ES2014A,2021,98.458,97.81,135180.4564,4666028.865,4.589630061,17.285,5.674,91.01092176,12.89166667,106.8583333,9.908333333,-7.4089,42.0616,760
322,NA,ES2017A,2021,NA,NA,NA,NA,NA,NA,NA,NA,17.6,49.4,12.475,0.53,40.5528,7
323,ES2018A_2021,ES2018A,2021,24.167,95.62,726147.1072,4406920.076,3.184988066,5.661,4.303,218.1112019,17.40833333,44.4,13.2,-0.3592,39.7822,200
324,NA,ES2027A,2021,NA,NA,NA,NA,NA,NA,NA,NA,16.83333333,49.31666667,13.19166667,2.2482,41.4513,6
325,ES2028A_2021,ES2028A,2021,97.167,99.45,439087.0365,4462911.152,4.576431148,19.085,10.855,843.1879671,15.50833333,36.15,10.59166667,-3.7169,40.3145,622
326,ES2029A_2021,ES2029A,2021,113.583,100,356234.4718,4502927.344,4.732533847,13.183,NA,11.8,11.91666667,56.00833333,8.291666667,-4.7008,40.6647,1150
327,ES2039A_2021,ES2039A,2021,86.875,80,83741.60842,4831429.776,4.464470304,19.03,9.012,91.01092176,13.73333333,114.2666667,11.675,-8.1502,43.5197,20
328,NA,ES2041A,2021,NA,NA,NA,NA,NA,NA,NA,NA,15.775,40.56666667,10.95833333,0.1911,41.9161,308
329,ES2048A_2021,ES2048A,2021,74.542,81.1,59531.32609,4817101.201,4.311362725,17.241,NA,91.01092176,13.73333333,114.2666667,11.675,-8.4369,43.3774,130
330,ES2051A_2021,ES2051A,2021,68.125,98.63,273036.3126,4809218.177,4.221344253,21.535,12.12,94.88806111,12.16666667,80.6,10.28333333,-5.8028,43.4015,170
331,ES2054A_2021,ES2054A,2021,83.292,92.6,261111.2306,4828423.665,4.422352506,21.185,8.034,94.88806111,14.55833333,77.63333333,12.38333333,-5.9583,43.5705,8
332,ES2061A_2021,ES2061A,2021,78.083,97.26,35639.31617,4712521.238,4.357772363,19.086,9.424,91.01092176,14.88333333,154.2583333,12.16666667,-8.644,42.4259,15
333,ES2063A_2021,ES2063A,2021,81.304,96.99,28594.75159,4690285.541,4.398195216,17.595,NA,91.01092176,14.88333333,154.2583333,12.16666667,-8.7111,42.2224,30
334,NA,ES2064A,2021,NA,NA,NA,NA,NA,NA,NA,NA,15.43333333,37.575,10.49166667,-0.9068,41.6592,208
335,ES2068A_2021,ES2068A,2021,100.333,83.01,588506.5968,4770483.368,4.608494654,12.98,NA,63.44259455,13.65,106.0083333,11.13333333,-1.9127,43.0819,473
336,ES2069A_2021,ES2069A,2021,87.667,98.63,282647.1377,4822398.957,4.473545546,19.849,10.582,94.88806111,14.55833333,77.63333333,12.38333333,-5.6895,43.5229,40
337,NA,ES2070A,2021,NA,NA,NA,NA,NA,NA,NA,NA,13.35833333,55.11666667,9.283333333,-0.2908,40.9467,570
338,ES2075A_2021,ES2075A,2021,58.375,98.63,259299.706,4803489.011,4.066887716,19.934,NA,94.88806111,12.16666667,80.6,10.28333333,-5.9697,43.3457,89
339,ES2082A_2021,ES2082A,2021,107.286,89.59,610466.9227,4705013.632,4.675498166,17.384,NA,63.44259455,14.63333333,43.90833333,10.275,-1.6558,42.4896,389
340,ES2084A_2021,ES2084A,2021,79.333,98.63,81370.27596,4735308.465,4.373654183,11.795,NA,91.01092176,12.375,112.5833333,10.16666667,-8.1071,42.6563,600
341,ES2085A_2021,ES2085A,2021,98.292,98.63,108607.4142,4667351.38,4.58794264,16.946,6.543,91.01092176,12.89166667,106.8583333,9.908333333,-7.7299,42.0607,620
342,ES2089A_2021,ES2089A,2021,50.955,98.9,675893.7165,4615872.242,3.93094289,14.99,NA,27.54848174,15.43333333,37.575,10.49166667,-0.8869,41.6752,200
,,,,,,,,,,,,11.43333333,84.9,9.758333333,-5.25,43.25,751
,,,,,,,,,,,,11.25833333,89.3,9.733333333,-6.25,43.25,780
,,,,,,,,,,,,11.70833333,89.15,10.025,-6.75,43.25,767
,,,,,,,,,,,,12.18333333,93.43333333,10.525,-7.25,43.25,628
,,,,,,,,,,,,12.13333333,111.4833333,10.65,-7.75,43.25,467
,,,,,,,,,,,,13.73333333,114.2666667,11.675,-8.25,43.25,98
,,,,,,,,,,,,14.04166667,135.2333333,12,-8.75,43.25,193
,,,,,,,,,,,,10.43333333,68.625,8.433333333,-5.25,42.75,1048
,,,,,,,,,,,,10.33333333,73.51666667,8.25,-5.75,42.75,1134
,,,,,,,,,,,,9.583333333,90.10833333,8.108333333,-6.25,42.75,1267
,,,,,,,,,,,,11.03333333,87.65833333,9.066666667,-6.75,42.75,912
,,,,,,,,,,,,11.66666667,95.675,9.641666667,-7.25,42.75,814
,,,,,,,,,,,,12.375,112.5833333,10.16666667,-7.75,42.75,604
,,,,,,,,,,,,13.075,143.7416667,10.88333333,-8.25,42.75,336
,,,,,,,,,,,,14.45,151.3,11.96666667,-8.75,42.75,408
,,,,,,,,,,,,12.45,42.71666667,9.05,-5.25,42.25,790
,,,,,,,,,,,,12.66666667,44.06666667,9.075,-5.75,42.25,776
,,,,,,,,,,,,11.15,68.025,8.458333333,-6.25,42.25,1268
,,,,,,,,,,,,10.06666667,95.69166667,8.158333333,-6.75,42.25,1681
,,,,,,,,,,,,11.41666667,99.38333333,9.008333333,-7.25,42.25,1226
,,,,,,,,,,,,12.89166667,106.8583333,9.908333333,-7.75,42.25,482
,,,,,,,,,,,,13.16666667,141.325,10.625,-8.25,42.25,810
,,,,,,,,,,,,14.88333333,154.2583333,12.16666667,-8.75,42.25,14
,,,,,,,,,,,,13.00833333,34.13333333,9.058333333,-5.25,41.75,709
,,,,,,,,,,,,13.23333333,36.71666667,9.258333333,-5.75,41.75,702
,,,,,,,,,,,,12.75,53.55833333,9.058333333,-6.25,41.75,796
,,,,,,,,,,,,13.1,32.15,9.066666667,-5.25,41.25,789
,,,,,,,,,,,,12.925,39.525,9.166666667,-5.75,41.25,863
,,,,,,,,,,,,13.31666667,49.90833333,9.358333333,-6.25,41.25,717
,,,,,,,,,,,,12.01666667,47.00833333,9.083333333,-5.25,40.75,917
,,,,,,,,,,,,12.68333333,46.025,9.625,-5.75,40.75,977
,,,,,,,,,,,,13.19166667,56.575,9.858333333,-6.25,40.75,779
,,,,,,,,,,,,14.05,67,10.53333333,-6.75,40.75,687
,,,,,,,,,,,,12.35833333,56.45833333,9.333333333,-5.25,40.25,1905
,,,,,,,,,,,,12.90833333,57.20833333,9.583333333,-5.75,40.25,1322
,,,,,,,,,,,,15.11666667,48.35833333,10.8,-6.25,40.25,516
,,,,,,,,,,,,14.70833333,66.41666667,10.83333333,-6.75,40.25,1009
,,,,,,,,,,,,17.00833333,47.925,11.825,-6.75,39.75,297
,,,,,,,,,,,,16.85,38.01666667,11.525,-6.25,39.75,291
,,,,,,,,,,,,16.475,33.81666667,11.40833333,-5.75,39.75,376
,,,,,,,,,,,,15.79166667,34.2,11.15,-5.25,39.75,415
,,,,,,,,,,,,17.16666667,39.55,11.89166667,-6.75,39.25,329
,,,,,,,,,,,,16.85833333,37.075,11.20833333,-6.25,39.25,431
,,,,,,,,,,,,16.69166667,34.05,11.26666667,-5.75,39.25,318
,,,,,,,,,,,,16.25833333,36.41666667,11.2,-5.25,39.25,436
,,,,,,,,,,,,17.30833333,32.66666667,11.96666667,-6.25,38.75,271
,,,,,,,,,,,,16.86666667,33.70833333,11.60833333,-5.75,38.75,514
,,,,,,,,,,,,16.56666667,35.375,11.55833333,-5.25,38.75,518
,,,,,,,,,,,,16.63333333,37.25833333,11.94166667,-6.75,38.25,362
,,,,,,,,,,,,16.3,39.16666667,11.525,-6.25,38.25,568
,,,,,,,,,,,,16.25,38.25833333,11.44166667,-5.75,38.25,577
,,,,,,,,,,,,16.16666667,37.69166667,11.44166667,-5.25,38.25,528
,,,,,,,,,,,,17.4,34.30833333,12.375,-4.75,38.25,671
,,,,,,,,,,,,17.725,33.425,13.13333333,-7.25,37.75,204
,,,,,,,,,,,,17.21666667,36.4,12.58333333,-6.75,37.75,241
,,,,,,,,,,,,17.30833333,35.44166667,12.58333333,-6.25,37.75,263
,,,,,,,,,,,,17.70833333,33.10833333,12.88333333,-5.75,37.75,232
,,,,,,,,,,,,17.9,31.325,13.09166667,-5.25,37.75,80
,,,,,,,,,,,,18.525,31.51666667,14.03333333,-7.25,37.25,43
,,,,,,,,,,,,18.91666667,31.325,14.33333333,-6.75,37.25,90
,,,,,,,,,,,,18.975,32.375,14.56666667,-6.25,37.25,18
,,,,,,,,,,,,18.68333333,33.64166667,14.2,-5.75,37.25,54
,,,,,,,,,,,,17.75833333,35.66666667,13.3,-5.25,37.25,173
,,,,,,,,,,,,19.00833333,33.25,15.39166667,-6.25,36.75,27
,,,,,,,,,,,,18.01666667,39.44166667,14.26666667,-5.75,36.75,185
,,,,,,,,,,,,15.69166667,46.69166667,12.01666667,-5.25,36.75,721
,,,,,,,,,,,,18.91666667,35.61666667,15.74166667,-6.25,36.25,-28
,,,,,,,,,,,,18.20833333,42.825,14.8,-5.75,36.25,46
,,,,,,,,,,,,18.45833333,44.60833333,14.75833333,-5.25,36.25,-52
,,,,,,,,,,,,17.04166667,49.21666667,11.89166667,0.25,40.25,79
,,,,,,,,,,,,15.2,55.63333333,10.625,0.25,40.75,1087
,,,,,,,,,,,,17.6,49.4,12.475,0.75,40.75,-10
,,,,,,,,,,,,16.34166667,39.8,11.24166667,0.25,41.25,202
,,,,,,,,,,,,15.68333333,46.48333333,11.10833333,0.75,41.25,480
,,,,,,,,,,,,15.425,49.31666667,11.40833333,1.25,41.25,174
,,,,,,,,,,,,15.75833333,50.69166667,12.13333333,1.75,41.25,57
,,,,,,,,,,,,15.775,40.56666667,10.95833333,0.25,41.75,295
,,,,,,,,,,,,15.14166667,43.79166667,10.80833333,0.75,41.75,237
,,,,,,,,,,,,14.05833333,51.14166667,10.61666667,1.25,41.75,439
,,,,,,,,,,,,14.25833333,52.40833333,11.125,1.75,41.75,363
,,,,,,,,,,,,14.14166667,59.25833333,11.30833333,2.25,41.75,555
,,,,,,,,,,,,15.35,60.48333333,12.18333333,2.75,41.75,138
,,,,,,,,,,,,12.68333333,70,9.416666667,0.25,42.25,599
,,,,,,,,,,,,10.825,79.44166667,8.658333333,0.75,42.25,743
,,,,,,,,,,,,10.05,77.05833333,8.5,1.25,42.25,1352
,,,,,,,,,,,,9.091666667,78.88333333,8.241666667,1.75,42.25,1311
,,,,,,,,,,,,9.825,77.25833333,8.775,2.25,42.25,1180
,,,,,,,,,,,,14.19166667,62.6,11.28333333,2.75,42.25,432
,,,,,,,,,,,,13.63333333,41.65,9.7,-4.75,40.25,498
,,,,,,,,,,,,15.25,33.45,10.6,-4.25,40.25,471
,,,,,,,,,,,,15.50833333,36.15,10.59166667,-3.75,40.25,636
,,,,,,,,,,,,14.85,39.51666667,10.81666667,-3.25,40.25,668
,,,,,,,,,,,,13.99166667,44.51666667,10.46666667,-2.75,40.25,787
,,,,,,,,,,,,12.66666667,51.01666667,9.533333333,-2.25,40.25,1162
,,,,,,,,,,,,10.15833333,64.29166667,7.441666667,-1.75,40.25,1433
,,,,,,,,,,,,10.15833333,64.29166667,7.441666667,-1.75,40.25,1433
,,,,,,,,,,,,11.21666667,64.2,8.075,-0.75,40.25,1085
,,,,,,,,,,,,13.7,57.74166667,9.625,-0.25,40.25,897
,,,,,,,,,,,,11.98333333,45.35833333,8.275,-4.75,40.75,1075
,,,,,,,,,,,,11.91666667,56.00833333,8.291666667,-4.25,40.75,1177
,,,,,,,,,,,,12.725,56.44166667,8.933333333,-3.75,40.75,954
,,,,,,,,,,,,13.925,44.60833333,9.808333333,-3.25,40.75,781
,,,,,,,,,,,,12.95833333,48,9.216666667,-2.75,40.75,1029
,,,,,,,,,,,,11.44166667,54.35,8.141666667,-2.25,40.75,1143
,,,,,,,,,,,,10.3,60.75,7.466666667,-1.75,40.75,1244
,,,,,,,,,,,,11.23333333,56.20833333,7.883333333,-1.25,40.75,1207
,,,,,,,,,,,,11.425,57.075,8.125,-0.75,40.75,1290
,,,,,,,,,,,,13.35833333,55.11666667,9.283333333,-0.25,40.75,805
,,,,,,,,,,,,13.275,34.40833333,8.866666667,-4.75,41.25,763
,,,,,,,,,,,,13.1,39.225,8.95,-4.25,41.25,844
,,,,,,,,,,,,11.84166667,52.91666667,8.641666667,-3.75,41.25,995
,,,,,,,,,,,,11.05833333,59.33333333,8.416666667,-3.25,41.25,1359
,,,,,,,,,,,,11.96666667,48.98333333,8.758333333,-2.75,41.25,1081
,,,,,,,,,,,,11.94166667,48.03333333,8.508333333,-2.25,41.25,882
,,,,,,,,,,,,12.63333333,42.91666667,8.7,-1.75,41.25,837
,,,,,,,,,,,,13.025,42.81666667,8.908333333,-1.25,41.25,925
,,,,,,,,,,,,14.59166667,38.9,9.875,-0.75,41.25,515
,,,,,,,,,,,,16.26666667,38.26666667,10.99166667,-0.25,41.25,203
,,,,,,,,,,,,12.80833333,34.80833333,8.975,-4.75,41.75,766
,,,,,,,,,,,,12.56666667,37.05833333,9.2,-4.25,41.75,820
,,,,,,,,,,,,12.26666667,43.525,9.225,-3.75,41.75,845
,,,,,,,,,,,,11.70833333,48.45833333,8.966666667,-3.25,41.75,987
,,,,,,,,,,,,11.14166667,52.89166667,8.491666667,-2.75,41.75,1126
,,,,,,,,,,,,11.45833333,47.4,8.425,-2.25,41.75,1123
,,,,,,,,,,,,12.575,44.34166667,8.891666667,-1.75,41.75,1160
,,,,,,,,,,,,15.25,33.98333333,10.36666667,-1.25,41.75,306
,,,,,,,,,,,,15.43333333,37.575,10.49166667,-0.75,41.75,321
,,,,,,,,,,,,15.51666667,41.7,10.66666667,-0.25,41.75,305
,,,,,,,,,,,,12.21666667,43.4,9.275,-4.75,42.25,856
,,,,,,,,,,,,12.05833333,44.50833333,9.458333333,-4.25,42.25,778
,,,,,,,,,,,,11.375,47.51666667,9.158333333,-3.75,42.25,874
,,,,,,,,,,,,10.21666667,60.4,8.483333333,-3.25,42.25,1691
,,,,,,,,,,,,10.71666667,61.06666667,8.575,-2.75,42.25,856
,,,,,,,,,,,,12.4,51.875,9.133333333,-2.25,42.25,1200
,,,,,,,,,,,,14.63333333,43.90833333,10.275,-1.75,42.25,277
,,,,,,,,,,,,14.16666667,50.91666667,9.983333333,-1.25,42.25,462
,,,,,,,,,,,,13.46666667,58.05,9.633333333,-0.75,42.25,516
,,,,,,,,,,,,12.56666667,67.99166667,9.233333333,-0.25,42.25,1114
,,,,,,,,,,,,9.766666667,74.95833333,8.316666667,-4.75,42.75,1140
,,,,,,,,,,,,10.53333333,71.61666667,8.9,-4.25,42.75,945
,,,,,,,,,,,,10.875,68.99166667,9.166666667,-3.75,42.75,965
,,,,,,,,,,,,11.79166667,67.46666667,9.641666667,-3.25,42.75,723
,,,,,,,,,,,,12.4,66.53333333,9.925,-2.75,42.75,599
,,,,,,,,,,,,12.20833333,71.025,9.575,-2.25,42.75,904
,,,,,,,,,,,,12.88333333,69.725,9.758333333,-1.75,42.75,586
,,,,,,,,,,,,12.01666667,77.8,9.208333333,-1.25,42.75,616
,,,,,,,,,,,,9.825,91.775,8.075,-0.75,42.75,963
,,,,,,,,,,,,6.866666667,109.3333333,6.775,-0.25,42.75,1954
,,,,,,,,,,,,11,91.15,9.483333333,-4.75,43.25,1139
,,,,,,,,,,,,12.7,87.03333333,10.59166667,-4.25,43.25,320
,,,,,,,,,,,,12.83333333,92.61666667,10.65,-3.75,43.25,630
,,,,,,,,,,,,13.3,97.79166667,10.9,-3.25,43.25,282
,,,,,,,,,,,,13.78333333,99.35833333,11.31666667,-2.75,43.25,182
,,,,,,,,,,,,13.775,99.625,11.375,-2.25,43.25,133
,,,,,,,,,,,,13.65,106.0083333,11.13333333,-1.75,43.25,340
,,,,,,,,,,,,15.25,35.96666667,10.98333333,-4.75,39.75,616
,,,,,,,,,,,,15.125,38.85,11.09166667,-4.25,39.75,677
,,,,,,,,,,,,15.275,38.35,11.21666667,-3.75,39.75,670
,,,,,,,,,,,,14.98333333,40.76666667,11.06666667,-3.25,39.75,707
,,,,,,,,,,,,14.3,43.91666667,10.625,-2.75,39.75,852
,,,,,,,,,,,,13.66666667,46.18333333,10.15833333,-2.25,39.75,883
,,,,,,,,,,,,13.18333333,48.55833333,9.858333333,-1.75,39.75,948
,,,,,,,,,,,,13.43333333,49.1,10.09166667,-1.25,39.75,882
,,,,,,,,,,,,14.81666667,49.60833333,11.225,-0.75,39.75,535
,,,,,,,,,,,,17.40833333,44.4,13.2,-0.25,39.75,32
,,,,,,,,,,,,15.675,37.63333333,11.05,-4.75,39.25,569
,,,,,,,,,,,,14.86666667,39.25833333,10.8,-4.25,39.25,605
,,,,,,,,,,,,14.90833333,40.125,11.04166667,-3.75,39.25,769
,,,,,,,,,,,,15.39166667,36.625,11.3,-3.25,39.25,649
,,,,,,,,,,,,14.84166667,39.475,10.86666667,-2.75,39.25,694
,,,,,,,,,,,,14.61666667,41.575,10.66666667,-2.25,39.25,719
,,,,,,,,,,,,14.73333333,38.91666667,10.79166667,-1.75,39.25,681
,,,,,,,,,,,,14.94166667,44.05,11.05,-1.25,39.25,714
,,,,,,,,,,,,16.59166667,42.575,12.325,-0.75,39.25,361
,,,,,,,,,,,,18.68333333,38.86666667,14.25833333,-0.25,39.25,-5
,,,,,,,,,,,,16.10833333,34.88333333,11.44166667,-4.75,38.75,482
,,,,,,,,,,,,15.50833333,38.79166667,11.29166667,-4.25,38.75,641
,,,,,,,,,,,,15.53333333,36.90833333,11.40833333,-3.75,38.75,664
,,,,,,,,,,,,15.15,35.1,11.13333333,-3.25,38.75,784
,,,,,,,,,,,,14.20833333,40.76666667,10.45833333,-2.75,38.75,976
,,,,,,,,,,,,13.675,42.86666667,10.15833333,-2.25,38.75,1005
,,,,,,,,,,,,14.69166667,38.00833333,10.775,-1.75,38.75,874
,,,,,,,,,,,,14.76666667,42.7,11.08333333,-1.25,38.75,793
,,,,,,,,,,,,15.80833333,43.63333333,12.10833333,-0.75,38.75,860
,,,,,,,,,,,,17.04166667,41,13.55833333,-0.25,38.75,853
,,,,,,,,,,,,16.3,37.70833333,11.63333333,-4.75,38.25,671
,,,,,,,,,,,,16.64166667,35.05,11.90833333,-4.25,38.25,674
,,,,,,,,,,,,16.95833333,34.13333333,12.4,-3.75,38.25,520
,,,,,,,,,,,,16.425,33.94166667,12,-3.25,38.25,582
,,,,,,,,,,,,14.05833333,41.70833333,10.54166667,-2.75,38.25,1004
,,,,,,,,,,,,13.26666667,45.225,9.925,-2.25,38.25,1014
,,,,,,,,,,,,16.21666667,32.65,11.81666667,-1.75,38.25,344
,,,,,,,,,,,,17.25,32.34166667,12.65833333,-1.25,38.25,715
,,,,,,,,,,,,18.1,29.975,13.91666667,-0.75,38.25,76
,,,,,,,,,,,,18.00833333,29.96666667,13.075,-4.75,37.75,265
,,,,,,,,,,,,17.65,30.88333333,12.725,-4.25,37.75,305
,,,,,,,,,,,,16.5,33.69166667,11.85,-3.75,37.75,513
,,,,,,,,,,,,15.98333333,34.00833333,11.50833333,-3.25,37.75,717
,,,,,,,,,,,,14.16666667,39.81666667,10.55833333,-2.75,37.75,973
,,,,,,,,,,,,13.88333333,41.78333333,10.44166667,-2.25,37.75,1168
,,,,,,,,,,,,16.1,33.33333333,12.00833333,-1.75,37.75,480
,,,,,,,,,,,,18.31666667,25.525,13.83333333,-1.25,37.75,184
,,,,,,,,,,,,18.575,25.01666667,14.9,-0.75,37.75,-5
,,,,,,,,,,,,17.275,36.15,12.76666667,-4.75,37.25,401
,,,,,,,,,,,,15.8,36.13333333,11.34166667,-4.25,37.25,553
,,,,,,,,,,,,15.40833333,30,10.94166667,-3.75,37.25,613
,,,,,,,,,,,,12.51666667,44.61666667,9.466666667,-3.25,37.25,1160
,,,,,,,,,,,,13.275,42.75833333,10.05,-2.75,37.25,1900
,,,,,,,,,,,,15.9,31.54166667,12.00833333,-2.25,37.25,922
,,,,,,,,,,,,18.26666667,22.21666667,14,-1.75,37.25,19
,,,,,,,,,,,,17.05,40.94166667,12.91666667,-4.75,36.75,129
,,,,,,,,,,,,16.78333333,35.09166667,12.425,-4.25,36.75,294
,,,,,,,,,,,,15.96666667,30.04166667,11.76666667,-3.75,36.75,180
,,,,,,,,,,,,15.58333333,28.98333333,11.61666667,-3.25,36.75,118
,,,,,,,,,,,,16.66666667,25.11666667,12.75833333,-2.75,36.75,49
,,,,,,,,,,,,18.5,19.09166667,14.35833333,-2.25,36.75,-63
